<platform>

  <name>Knopflerfish 2.2.0</name>
  <system>link:classpath:runner-links/org.knopflerfish.framework-2.2.0.link</system>

  <profile name="minimal" default="true"/>

  <profile name="tui" extends="minimal">
    <bundle>
      <name>Knopflerfish Log API</name>
      <url>link:classpath:runner-links/org.knopflerfish.log-api-2.0.1.link</url>
    </bundle>
    <bundle>
      <name>Knopflerfish Config Admin API</name>
      <url>link:classpath:runner-links/org.knopflerfish.cm-api-2.0.1.link</url>
    </bundle>
    <bundle>
      <name>Knopflerfish Console</name>
      <url>link:classpath:runner-links/org.knopflerfish.console-all-2.0.1.link</url>
    </bundle>
    <bundle>
      <name>Knopflerfish Console TTY</name>
      <url>link:classpath:runner-links/org.knopflerfish.consoletty-2.0.0.link</url>
    </bundle>
    <bundle>
      <name>Knopflerfish Framework Commands</name>
      <url>link:classpath:runner-links/org.knopflerfish.frameworkcommands-2.0.5.link</url>
    </bundle>
  </profile>

</platform>