<?xml version="1.0" encoding="UTF-8"?>
<?eclipse version="3.2"?>
<fragment>
  <extension
      point="org.eclipse.pde.ui.osgiFrameworks">
    <framework
        id="--platform=equinox --version=3.2.1"
        launcherDelegate="org.ops4j.pax.cursor.LaunchConfiguration"
        name="Equinox 3.2.1 via Pax Runner">
    </framework>
  </extension>
  <extension
      point="org.eclipse.pde.ui.osgiFrameworks">
    <framework
        id="--platform=equinox --version=3.3.0"
        launcherDelegate="org.ops4j.pax.cursor.LaunchConfiguration"
        name="Equinox 3.3.0 via Pax Runner">
    </framework>
  </extension>
  <extension
      point="org.eclipse.pde.ui.osgiFrameworks">
    <framework
        id="--platform=equinox --version=3.3.1"
        launcherDelegate="org.ops4j.pax.cursor.LaunchConfiguration"
        name="Equinox 3.3.1 via Pax Runner">
    </framework>
  </extension>
  <extension
      point="org.eclipse.pde.ui.osgiFrameworks">
    <framework
        id="--platform=equinox --version=3.3.2"
        launcherDelegate="org.ops4j.pax.cursor.LaunchConfiguration"
        name="Equinox 3.3.2 via Pax Runner">
    </framework>
  </extension>
  <extension
      point="org.eclipse.pde.ui.osgiFrameworks">
    <framework
        id="--platform=equinox --version=3.4.0"
        launcherDelegate="org.ops4j.pax.cursor.LaunchConfiguration"
        name="Equinox 3.4.0 via Pax Runner">
    </framework>
  </extension>
  <extension
      point="org.eclipse.pde.ui.osgiFrameworks">
    <framework
        id="--platform=equinox --version=3.4.1"
        launcherDelegate="org.ops4j.pax.cursor.LaunchConfiguration"
        name="Equinox 3.4.1 via Pax Runner">
    </framework>
  </extension>
  <extension
      point="org.eclipse.pde.ui.osgiFrameworks">
    <framework
        id="--platform=equinox --version=3.4.2"
        launcherDelegate="org.ops4j.pax.cursor.LaunchConfiguration"
        name="Equinox 3.4.2 via Pax Runner">
    </framework>
  </extension>
  <extension
      point="org.eclipse.pde.ui.osgiFrameworks">
    <framework
        id="--platform=equinox --version=3.5.0"
        launcherDelegate="org.ops4j.pax.cursor.LaunchConfiguration"
        name="Equinox 3.5.0 via Pax Runner">
    </framework>
  </extension>
  <extension
      point="org.eclipse.pde.ui.osgiFrameworks">
    <framework
        id="--platform=equinox --version=3.5.1"
        launcherDelegate="org.ops4j.pax.cursor.LaunchConfiguration"
        name="Equinox 3.5.1 via Pax Runner">
    </framework>
  </extension>
  <extension
      point="org.eclipse.pde.ui.osgiFrameworks">
    <framework
        id="--platform=equinox --version=3.6.0"
        launcherDelegate="org.ops4j.pax.cursor.LaunchConfiguration"
        name="Equinox 3.6.0 via Pax Runner">
    </framework>
  </extension>
  <extension
      point="org.eclipse.pde.ui.osgiFrameworks">
    <framework
        id="--platform=equinox --version=3.7.0"
        launcherDelegate="org.ops4j.pax.cursor.LaunchConfiguration"
        name="Equinox 3.7.0 via Pax Runner">
    </framework>
  </extension>
  <extension
      point="org.eclipse.pde.ui.osgiFrameworks">
    <framework
        id="--platform=equinox --version=3.7.1"
        launcherDelegate="org.ops4j.pax.cursor.LaunchConfiguration"
        name="Equinox 3.7.1 via Pax Runner">
    </framework>
  </extension>
  <extension
      point="org.eclipse.pde.ui.osgiFrameworks">
    <framework
        id="--platform=equinox --snapshot"
        launcherDelegate="org.ops4j.pax.cursor.LaunchConfiguration"
        name="Equinox Snapshot via Pax Runner">
    </framework>
  </extension>
  <extension
      point="org.eclipse.pde.ui.osgiFrameworks">
    <framework
        id="--platform=felix --version=1.0.0"
        launcherDelegate="org.ops4j.pax.cursor.LaunchConfiguration"
        name="Felix 1.0.0 via Pax Runner">
    </framework>
  </extension>
  <extension
      point="org.eclipse.pde.ui.osgiFrameworks">
    <framework
        id="--platform=felix --version=1.0.1"
        launcherDelegate="org.ops4j.pax.cursor.LaunchConfiguration"
        name="Felix 1.0.1 via Pax Runner">
    </framework>
  </extension>
  <extension
      point="org.eclipse.pde.ui.osgiFrameworks">
    <framework
        id="--platform=felix --version=1.0.3"
        launcherDelegate="org.ops4j.pax.cursor.LaunchConfiguration"
        name="Felix 1.0.3 via Pax Runner">
    </framework>
  </extension>
  <extension
      point="org.eclipse.pde.ui.osgiFrameworks">
    <framework
        id="--platform=felix --version=1.0.4"
        launcherDelegate="org.ops4j.pax.cursor.LaunchConfiguration"
        name="Felix 1.0.4 via Pax Runner">
    </framework>
  </extension>
  <extension
      point="org.eclipse.pde.ui.osgiFrameworks">
    <framework
        id="--platform=felix --version=1.2.0"
        launcherDelegate="org.ops4j.pax.cursor.LaunchConfiguration"
        name="Felix 1.2.0 via Pax Runner">
    </framework>
  </extension>
  <extension
      point="org.eclipse.pde.ui.osgiFrameworks">
    <framework
        id="--platform=felix --version=1.2.1"
        launcherDelegate="org.ops4j.pax.cursor.LaunchConfiguration"
        name="Felix 1.2.1 via Pax Runner">
    </framework>
  </extension>
  <extension
      point="org.eclipse.pde.ui.osgiFrameworks">
    <framework
        id="--platform=felix --version=1.2.2"
        launcherDelegate="org.ops4j.pax.cursor.LaunchConfiguration"
        name="Felix 1.2.2 via Pax Runner">
    </framework>
  </extension>
  <extension
      point="org.eclipse.pde.ui.osgiFrameworks">
    <framework
        id="--platform=felix --version=1.4.0"
        launcherDelegate="org.ops4j.pax.cursor.LaunchConfiguration"
        name="Felix 1.4.0 via Pax Runner">
    </framework>
  </extension>
  <extension
      point="org.eclipse.pde.ui.osgiFrameworks">
    <framework
        id="--platform=felix --version=1.4.1"
        launcherDelegate="org.ops4j.pax.cursor.LaunchConfiguration"
        name="Felix 1.4.1 via Pax Runner">
    </framework>
  </extension>
  <extension
      point="org.eclipse.pde.ui.osgiFrameworks">
    <framework
        id="--platform=felix --version=1.6.0"
        launcherDelegate="org.ops4j.pax.cursor.LaunchConfiguration"
        name="Felix 1.6.0 via Pax Runner">
    </framework>
  </extension>
  <extension
      point="org.eclipse.pde.ui.osgiFrameworks">
    <framework
        id="--platform=felix --version=1.6.1"
        launcherDelegate="org.ops4j.pax.cursor.LaunchConfiguration"
        name="Felix 1.6.1 via Pax Runner">
    </framework>
  </extension>
  <extension
      point="org.eclipse.pde.ui.osgiFrameworks">
    <framework
        id="--platform=felix --version=1.8.0"
        launcherDelegate="org.ops4j.pax.cursor.LaunchConfiguration"
        name="Felix 1.8.0 via Pax Runner">
    </framework>
  </extension>
  <extension
      point="org.eclipse.pde.ui.osgiFrameworks">
    <framework
        id="--platform=felix --version=1.8.1"
        launcherDelegate="org.ops4j.pax.cursor.LaunchConfiguration"
        name="Felix 1.8.1 via Pax Runner">
    </framework>
  </extension>
  <extension
      point="org.eclipse.pde.ui.osgiFrameworks">
    <framework
        id="--platform=felix --version=2.0.0"
        launcherDelegate="org.ops4j.pax.cursor.LaunchConfiguration"
        name="Felix 2.0.0 via Pax Runner">
    </framework>
  </extension>
  <extension
      point="org.eclipse.pde.ui.osgiFrameworks">
    <framework
        id="--platform=felix --version=2.0.1"
        launcherDelegate="org.ops4j.pax.cursor.LaunchConfiguration"
        name="Felix 2.0.1 via Pax Runner">
    </framework>
  </extension>
  <extension
      point="org.eclipse.pde.ui.osgiFrameworks">
    <framework
        id="--platform=felix --version=2.0.2"
        launcherDelegate="org.ops4j.pax.cursor.LaunchConfiguration"
        name="Felix 2.0.2 via Pax Runner">
    </framework>
  </extension>
  <extension
      point="org.eclipse.pde.ui.osgiFrameworks">
    <framework
        id="--platform=felix --version=2.0.3"
        launcherDelegate="org.ops4j.pax.cursor.LaunchConfiguration"
        name="Felix 2.0.3 via Pax Runner">
    </framework>
  </extension>
  <extension
      point="org.eclipse.pde.ui.osgiFrameworks">
    <framework
        id="--platform=felix --version=2.0.4"
        launcherDelegate="org.ops4j.pax.cursor.LaunchConfiguration"
        name="Felix 2.0.4 via Pax Runner">
    </framework>
  </extension>
  <extension
      point="org.eclipse.pde.ui.osgiFrameworks">
    <framework
        id="--platform=felix --version=2.0.5"
        launcherDelegate="org.ops4j.pax.cursor.LaunchConfiguration"
        name="Felix 2.0.5 via Pax Runner">
    </framework>
  </extension>
  <extension
      point="org.eclipse.pde.ui.osgiFrameworks">
    <framework
        id="--platform=felix --version=3.0.0"
        launcherDelegate="org.ops4j.pax.cursor.LaunchConfiguration"
        name="Felix 3.0.0 via Pax Runner">
    </framework>
  </extension>
  <extension
      point="org.eclipse.pde.ui.osgiFrameworks">
    <framework
        id="--platform=felix --version=3.0.1"
        launcherDelegate="org.ops4j.pax.cursor.LaunchConfiguration"
        name="Felix 3.0.1 via Pax Runner">
    </framework>
  </extension> 
  <extension
      point="org.eclipse.pde.ui.osgiFrameworks">
    <framework
        id="--platform=felix --version=3.0.2"
        launcherDelegate="org.ops4j.pax.cursor.LaunchConfiguration"
        name="Felix 3.0.2 via Pax Runner">
    </framework>
  </extension>  
  <extension
      point="org.eclipse.pde.ui.osgiFrameworks">
    <framework
        id="--platform=felix --version=3.2.2"
        launcherDelegate="org.ops4j.pax.cursor.LaunchConfiguration"
        name="Felix 3.2.2 via Pax Runner">
    </framework>
  </extension>  
  <extension
      point="org.eclipse.pde.ui.osgiFrameworks">
    <framework
        id="--platform=felix --version=4.0.0"
        launcherDelegate="org.ops4j.pax.cursor.LaunchConfiguration"
        name="Felix 4.0.0 via Pax Runner">
    </framework>
  </extension>  
  <extension
      point="org.eclipse.pde.ui.osgiFrameworks">
    <framework
        id="--platform=felix --version=4.0.1"
        launcherDelegate="org.ops4j.pax.cursor.LaunchConfiguration"
        name="Felix 4.0.1 via Pax Runner">
    </framework>
  </extension>  
  <extension
      point="org.eclipse.pde.ui.osgiFrameworks">
    <framework
        id="--platform=felix --version=4.0.2"
        launcherDelegate="org.ops4j.pax.cursor.LaunchConfiguration"
        name="Felix 4.0.2 via Pax Runner">
    </framework>
  </extension>  
  <extension
      point="org.eclipse.pde.ui.osgiFrameworks">
    <framework
        id="--platform=felix --snapshot"
        launcherDelegate="org.ops4j.pax.cursor.LaunchConfiguration"
        name="Felix Snapshot via Pax Runner">
    </framework>
  </extension>
  <extension
      point="org.eclipse.pde.ui.osgiFrameworks">
    <framework
        id="--platform=knopflerfish --version=2.0.0"
        launcherDelegate="org.ops4j.pax.cursor.LaunchConfiguration"
        name="Knopflerfish 2.0.0 via Pax Runner">
    </framework>
  </extension>
  <extension
      point="org.eclipse.pde.ui.osgiFrameworks">
    <framework
        id="--platform=knopflerfish --version=2.0.1"
        launcherDelegate="org.ops4j.pax.cursor.LaunchConfiguration"
        name="Knopflerfish 2.0.1 via Pax Runner">
    </framework>
  </extension>
  <extension
      point="org.eclipse.pde.ui.osgiFrameworks">
    <framework
        id="--platform=knopflerfish --version=2.0.2"
        launcherDelegate="org.ops4j.pax.cursor.LaunchConfiguration"
        name="Knopflerfish 2.0.2 via Pax Runner">
    </framework>
  </extension>
  <extension
      point="org.eclipse.pde.ui.osgiFrameworks">
    <framework
        id="--platform=knopflerfish --version=2.0.3"
        launcherDelegate="org.ops4j.pax.cursor.LaunchConfiguration"
        name="Knopflerfish 2.0.3 via Pax Runner">
    </framework>
  </extension>
  <extension
      point="org.eclipse.pde.ui.osgiFrameworks">
    <framework
        id="--platform=knopflerfish --version=2.0.4"
        launcherDelegate="org.ops4j.pax.cursor.LaunchConfiguration"
        name="Knopflerfish 2.0.4 via Pax Runner">
    </framework>
  </extension>
  <extension
      point="org.eclipse.pde.ui.osgiFrameworks">
    <framework
        id="--platform=knopflerfish --version=2.0.5"
        launcherDelegate="org.ops4j.pax.cursor.LaunchConfiguration"
        name="Knopflerfish 2.0.5 via Pax Runner">
    </framework>
  </extension>
  <extension
      point="org.eclipse.pde.ui.osgiFrameworks">
    <framework
        id="--platform=knopflerfish --version=2.1.0"
        launcherDelegate="org.ops4j.pax.cursor.LaunchConfiguration"
        name="Knopflerfish 2.1.0 via Pax Runner">
    </framework>
  </extension>
  <extension
      point="org.eclipse.pde.ui.osgiFrameworks">
    <framework
        id="--platform=knopflerfish --version=2.1.1"
        launcherDelegate="org.ops4j.pax.cursor.LaunchConfiguration"
        name="Knopflerfish 2.1.1 via Pax Runner">
    </framework>
  </extension>
  <extension
      point="org.eclipse.pde.ui.osgiFrameworks">
    <framework
        id="--platform=knopflerfish --version=2.2.0"
        launcherDelegate="org.ops4j.pax.cursor.LaunchConfiguration"
        name="Knopflerfish 2.2.0 via Pax Runner">
    </framework>
  </extension>
  <extension
      point="org.eclipse.pde.ui.osgiFrameworks">
    <framework
        id="--platform=knopflerfish --version=2.3.0"
        launcherDelegate="org.ops4j.pax.cursor.LaunchConfiguration"
        name="Knopflerfish 2.3.0 via Pax Runner">
    </framework>
  </extension>
  <extension
      point="org.eclipse.pde.ui.osgiFrameworks">
    <framework
        id="--platform=knopflerfish --version=2.3.1"
        launcherDelegate="org.ops4j.pax.cursor.LaunchConfiguration"
        name="Knopflerfish 2.3.1 via Pax Runner">
    </framework>
  </extension>
  <extension
      point="org.eclipse.pde.ui.osgiFrameworks">
    <framework
        id="--platform=knopflerfish --version=2.3.2"
        launcherDelegate="org.ops4j.pax.cursor.LaunchConfiguration"
        name="Knopflerfish 2.3.2 via Pax Runner">
    </framework>
  </extension>
  <extension
      point="org.eclipse.pde.ui.osgiFrameworks">
    <framework
        id="--platform=knopflerfish --version=2.3.3"
        launcherDelegate="org.ops4j.pax.cursor.LaunchConfiguration"
        name="Knopflerfish 2.3.3 via Pax Runner">
    </framework>
  </extension>
  <extension
      point="org.eclipse.pde.ui.osgiFrameworks">
    <framework
        id="--platform=knopflerfish --version=3.0.0"
        launcherDelegate="org.ops4j.pax.cursor.LaunchConfiguration"
        name="Knopflerfish 3.0.0 via Pax Runner">
    </framework>
  </extension>
  <extension
      point="org.eclipse.pde.ui.osgiFrameworks">
    <framework
        id="--platform=knopflerfish --version=3.2.0"
        launcherDelegate="org.ops4j.pax.cursor.LaunchConfiguration"
        name="Knopflerfish 3.2.0 via Pax Runner">
    </framework>
  </extension>
  <extension
      point="org.eclipse.pde.ui.osgiFrameworks">
    <framework
        id="--platform=knopflerfish --snapshot"
        launcherDelegate="org.ops4j.pax.cursor.LaunchConfiguration"
        name="Knopflerfish Snapshot via Pax Runner">
    </framework>
  </extension>
  <extension
      point="org.eclipse.pde.ui.osgiFrameworks">
    <framework
        id="--platform=concierge --version=1.0.0"
        launcherDelegate="org.ops4j.pax.cursor.LaunchConfiguration"
        name="Concierge 1.0.0 via Pax Runner">
    </framework>
  </extension>
</fragment>
